Name,Trial,Variables,Cut dim,Interactions,Time (s),Proposed solution,Real sample min,Real sample 25,Real sample mean,Real sample 75,Real sample max
Max cut,0,8,2,14,0.35752,0.0,-10.0,-8.0,-7.0,-6.0,0.0
Max cut,1,8,2,14,0.34476,0.0,-10.0,-8.0,-7.0,-6.0,0.0
Max cut,2,8,2,14,0.35656,0.0,-10.0,-8.0,-7.0,-6.0,0.0
Max cut,3,8,2,14,0.3569,-2.0,-10.0,-8.0,-7.0,-6.0,0.0
Max cut,4,8,2,14,0.34666,0.0,-10.0,-8.0,-7.0,-6.0,0.0
V8C2,0,8,2,8,0.26223,-0.23241,-0.23241,1.40781,2.55256,3.49457,7.27737
V8C2,0,8,2,32,0.30884,1.37517,-4.37819,-0.47767,0.36972,1.45479,3.52935
V8C2,1,8,2,8,0.22809,0.0,0.0,2.07535,3.57833,4.92484,9.05091
V8C2,1,8,2,32,0.28337,-7.6193,-8.07198,-2.07079,-0.61416,1.07844,3.95405
V8C2,2,8,2,8,0.22758,0.0,0.0,1.49274,2.34494,3.08707,5.85214
V8C2,2,8,2,32,0.23626,0.0,-0.88871,1.42433,2.5295,3.53777,6.79527
V8C2,3,8,2,8,0.28284,-0.56115,-0.56115,1.77613,2.94658,3.90228,7.53827
V8C2,3,8,2,32,0.25092,0.92814,-1.00323,1.85373,3.61558,5.15348,11.39707
V8C2,4,8,2,8,0.25761,-0.05687,-0.05687,1.54398,2.86676,4.10943,7.52055
V8C2,4,8,2,32,0.26379,0.60638,-0.45791,1.71138,3.23929,4.44779,9.55979
V8C4,0,8,4,8,0.21963,-0.03296,-0.03296,1.67236,2.71509,3.60306,6.78669
V8C4,0,8,4,32,0.24665,0.00232,-0.79628,1.26023,2.18297,3.03026,5.81113
V8C4,1,8,4,8,0.18572,0.60611,0.0,1.46191,2.60272,3.69214,6.48985
V8C4,1,8,4,32,0.29212,0.0,0.0,2.33124,3.81082,5.09051,9.87524
V8C4,2,8,4,8,0.16891,0.0,0.0,1.96531,3.33719,4.65872,8.55269
V8C4,2,8,4,32,0.40652,-0.2552,-0.56794,0.99111,2.70292,4.00264,8.51155
V8C4,3,8,4,8,0.18732,0.0,0.0,1.91396,3.10309,4.15777,7.91281
V8C4,3,8,4,32,0.36621,0.88747,-0.30466,1.64323,3.36154,4.83303,11.09136
V8C4,4,8,4,8,0.18615,0.0,0.0,1.91033,2.94319,3.81107,7.34045
V8C4,4,8,4,32,0.25953,1.38851,-1.7648,0.7759,1.9694,3.09702,7.37459
V8C8,0,8,8,8,0.13258,-0.09121,-0.11755,1.26433,2.25467,3.12342,6.07171
V8C8,0,8,8,32,0.25518,-0.06892,-0.06892,1.85243,3.22006,4.41317,9.03331
V8C8,1,8,8,8,0.13066,-0.08188,-0.08188,1.46587,2.49729,3.46142,6.3261
V8C8,1,8,8,32,0.21113,-8.12907,-8.12907,-1.58957,-0.43294,1.04944,4.31643
V8C8,2,8,8,8,0.13078,-0.06642,-0.06642,0.93895,2.66776,4.17084,8.02581
V8C8,2,8,8,32,0.22324,-0.44744,-0.44744,1.68854,3.47183,4.91549,10.88634
V8C8,3,8,8,8,0.12993,-0.58001,-0.58001,1.42871,2.45782,3.30614,6.79828
V8C8,3,8,8,32,0.19492,-1.79371,-1.79371,0.61116,1.80907,2.93122,6.67595
V8C8,4,8,8,8,0.12018,0.0,0.0,1.88997,3.3664,4.72912,9.03273
V8C8,4,8,8,32,0.22861,-3.08767,-3.08767,0.55838,1.73299,2.9127,6.55152
V16C2,0,16,2,16,1.58531,0.86923,-0.09326,3.41931,5.38009,7.26542,14.09312
V16C2,0,16,2,64,1.03922,2.00819,-4.28734,1.9896,3.74601,5.41317,12.58042
V16C2,0,16,2,256,1.77815,4.32213,-21.58046,-2.69472,0.34012,3.75925,13.81989
V16C2,1,16,2,16,1.41319,0.19905,-0.03611,3.27124,5.73666,8.18881,15.3548
V16C2,1,16,2,64,1.41442,-0.55034,-2.60793,1.43027,2.83324,4.07586,9.91339
V16C2,1,16,2,256,1.89026,0.88975,-12.92445,1.05014,3.91917,6.74918,21.33572
V16C2,2,16,2,16,1.49136,1.28312,-0.00512,3.48332,5.67966,7.82024,15.72523
V16C2,2,16,2,64,1.01192,1.59037,-2.2169,2.75337,4.16103,5.49869,11.54349
V16C2,2,16,2,256,1.48604,6.27925,-12.84123,-0.16832,2.7372,5.59605,18.85608
V16C2,3,16,2,16,1.32412,0.4252,-0.73074,3.08192,5.27614,7.46271,14.44708
V16C2,3,16,2,64,1.37652,0.41905,-1.95008,1.86468,3.61368,5.0979,12.81164
V16C2,3,16,2,256,1.04854,1.2655,-5.18754,3.1375,6.13318,8.80905,25.08151
V16C2,4,16,2,16,1.57533,0.14558,-0.02612,3.27628,5.71943,8.13177,15.90252
V16C2,4,16,2,64,1.50439,0.85217,-1.97081,2.72125,4.18668,5.60656,11.09854
V16C2,4,16,2,256,1.65763,2.31744,-11.49173,-0.86545,1.84214,4.55921,16.53803
V16C4,0,16,4,16,0.59013,0.0,0.0,3.85115,5.65388,7.34502,14.17504
V16C4,0,16,4,64,0.58542,0.9356,-5.45053,0.31991,2.0956,3.81831,10.82253
V16C4,0,16,4,256,0.72568,0.87069,-5.88187,4.96428,9.29587,13.01181,34.79082
V16C4,1,16,4,16,0.63973,0.0,0.0,4.75068,7.20724,9.58124,18.93627
V16C4,1,16,4,64,0.72506,3.17325,-4.81574,1.22321,3.29166,5.14204,13.72789
V16C4,1,16,4,256,0.78789,-0.17442,-4.61927,3.32364,5.5721,7.66518,18.80582
V16C4,2,16,4,16,0.73697,0.98542,0.0,4.66456,6.81663,8.90091,16.81196
V16C4,2,16,4,64,0.67693,1.79698,-1.25645,3.10664,4.9428,6.52306,13.84316
V16C4,2,16,4,256,0.77276,9.04124,-13.42451,1.20598,4.43654,7.55586,20.5937
V16C4,3,16,4,16,0.62961,1.27888,0.0,3.99233,5.69153,7.22769,14.24172
V16C4,3,16,4,64,0.50182,1.37912,-3.76555,2.02283,3.72927,5.42329,12.52912
V16C4,3,16,4,256,0.79766,2.76319,-2.74771,5.03801,7.47632,9.65865,21.7752
V16C4,4,16,4,16,0.55461,0.0,-0.14113,3.15753,4.73464,6.22029,12.50547
V16C4,4,16,4,64,0.67334,-1.6062,-2.98525,1.71506,2.96833,4.18595,9.98834
V16C4,4,16,4,256,0.86718,-4.37054,-13.48708,0.50246,3.38752,6.25415,18.707
V16C8,0,16,8,16,0.43579,0.0,0.0,4.42515,6.9186,9.3586,18.29253
V16C8,0,16,8,64,0.63864,4.42197,-3.39713,1.9447,3.65024,5.17732,12.2162
V16C8,0,16,8,256,1.29583,-3.53691,-8.26599,2.21701,4.98363,7.59543,20.16781
V16C8,1,16,8,16,0.37038,0.0,-0.04328,4.11396,6.78813,9.42097,17.99375
V16C8,1,16,8,64,0.71217,-1.02823,-2.14791,2.25049,4.03703,5.55389,13.24683
V16C8,1,16,8,256,1.06908,-9.77172,-12.10208,0.74697,3.79075,6.75857,21.72034
V16C8,2,16,8,16,0.33893,1.20682,0.03421,3.39057,5.58625,7.74281,14.98064
V16C8,2,16,8,64,0.57167,0.6069,-7.76591,0.22403,2.00724,3.94876,9.8524
V16C8,2,16,8,256,1.02623,1.04983,-4.80625,2.43882,4.69539,6.77326,17.83884
V16C8,3,16,8,16,0.34065,0.0,0.0,4.25305,6.58124,8.85769,16.55161
V16C8,3,16,8,64,0.86382,-0.72238,-3.73452,0.60575,2.04968,3.36182,9.48563
V16C8,3,16,8,256,0.96514,-12.43063,-17.34907,-0.68083,2.43352,5.72799,21.26454
V16C8,4,16,8,16,0.37168,0.0,-0.44344,3.96083,5.79778,7.49802,14.822
V16C8,4,16,8,64,0.59048,0.45736,-1.68208,2.43602,3.87218,5.16948,11.74163
V16C8,4,16,8,256,0.82716,-0.19638,-1.69965,4.76234,7.18982,9.35392,20.61874
V16C16,0,16,16,16,0.23725,0.0,0.00376,4.12231,6.3018,8.40014,16.44815
V16C16,0,16,16,64,0.54624,-5.91396,-5.91396,1.09722,2.48253,3.84084,10.87393
V16C16,0,16,16,256,0.79126,-8.97751,-8.97751,0.74561,2.75282,4.78043,11.97785
V16C16,1,16,16,16,0.23521,0.0,0.00504,4.08371,6.71453,9.31001,17.84636
V16C16,1,16,16,64,0.59086,-1.43771,-1.4485,2.72735,4.31405,5.75889,11.90352
V16C16,1,16,16,256,0.81093,-13.23606,-13.23606,-1.54066,1.00364,3.70652,14.06853
V16C16,2,16,16,16,0.24757,-0.96851,-0.96851,2.86428,4.79111,6.63228,13.86219
V16C16,2,16,16,64,0.46851,-2.38251,-2.38251,2.43119,4.31741,5.82146,14.5416
V16C16,2,16,16,256,0.84963,-9.72143,-9.72143,1.86847,4.72279,7.40401,21.05952
V16C16,3,16,16,16,0.23967,0.00942,0.0,3.69212,5.66101,7.54956,14.90959
V16C16,3,16,16,64,0.43043,-2.14739,-2.47111,1.37249,2.70773,3.94172,9.18259
V16C16,3,16,16,256,0.7136,-5.09361,-5.09361,3.53055,6.85232,9.79768,25.94391
V16C16,4,16,16,16,0.23766,0.0,0.07687,4.33158,6.58026,8.73646,17.19196
V16C16,4,16,16,64,0.47765,-2.61957,-2.61957,2.30645,4.23719,5.8712,14.44969
V16C16,4,16,16,256,0.78284,-7.11807,-7.11807,2.76846,5.57807,8.1593,22.57422
V32C2,0,32,2,32,6.36714,1.7198,0.51351,7.20185,10.79289,14.34955,25.00205
V32C2,0,32,2,128,6.2,0.87133,-1.76326,5.47383,7.06227,8.5919,16.40693
V32C2,0,32,2,512,4.6081,6.73332,-21.42392,6.32773,12.23323,17.89756,50.29465
V32C2,1,32,2,32,6.54454,2.54221,0.4108,6.21621,10.4589,14.70108,25.59126
V32C2,1,32,2,128,5.73764,2.30627,-1.2693,5.66612,7.52144,9.2802,18.45477
V32C2,1,32,2,512,4.11703,-42.00978,-86.76534,-24.03099,-15.73123,-6.18495,23.49971
V32C2,2,32,2,32,5.51407,1.63557,1.28943,7.25111,11.10481,14.95232,25.72361
V32C2,2,32,2,128,4.56878,4.4979,-6.71172,2.3977,4.57629,6.71155,16.28107
V32C2,2,32,2,512,4.73218,8.4236,-22.58479,2.50424,7.77863,12.85908,43.27773
V32C2,3,32,2,32,6.62335,1.75306,1.2758,7.42222,12.14399,16.84936,28.44011
V32C2,3,32,2,128,6.28648,10.52249,-0.88016,6.54557,8.94216,11.11821,23.22897
V32C2,3,32,2,512,4.66096,-2.09864,-24.35018,3.99745,10.15609,16.02412,50.67736
V32C2,4,32,2,32,5.80239,3.45773,1.33556,7.90671,11.95277,15.99241,27.91621
V32C2,4,32,2,128,5.79414,1.40852,-2.36516,4.63173,6.58538,8.40482,18.36554
V32C2,4,32,2,512,4.42947,7.08782,-23.73929,8.99375,16.45142,23.64716,67.21473
V32C4,0,32,4,32,4.12501,5.09164,0.98158,6.6409,10.87104,15.08025,26.21714
V32C4,0,32,4,128,4.63701,1.61623,-6.13762,2.37164,4.08759,5.7321,14.70228
V32C4,0,32,4,512,4.20523,-5.38554,-18.89456,7.335,14.59045,21.26528,61.74921
V32C4,1,32,4,32,4.63137,3.89497,1.0183,6.86979,11.60294,16.29948,28.13878
V32C4,1,32,4,128,2.86726,6.37283,-2.436,4.65027,6.58674,8.37022,17.08549
V32C4,1,32,4,512,8.36789,-3.05332,-19.77159,7.78307,13.61152,19.15829,51.58494
V32C4,2,32,4,32,4.69267,4.17818,0.89403,6.73474,11.05525,15.36704,27.00942
V32C4,2,32,4,128,4.29712,1.23927,-4.71837,2.01854,3.93715,5.71003,15.71987
V32C4,2,32,4,512,3.38334,-6.6019,-33.30758,0.89812,6.90806,12.82764,44.69727
V32C4,3,32,4,32,4.63805,1.8519,1.28594,7.21349,10.96866,14.71708,25.31208
V32C4,3,32,4,128,2.80646,-0.48234,-5.04384,2.72497,5.06061,7.31975,17.81425
V32C4,3,32,4,512,3.18894,-43.29372,-80.84098,-23.46276,-16.01401,-7.59139,21.1523
V32C4,4,32,4,32,4.68445,5.01796,0.38965,6.38498,10.46343,14.53625,24.97882
V32C4,4,32,4,128,3.13353,-2.89579,-11.84305,0.65402,2.58759,4.65396,13.35487
V32C4,4,32,4,512,3.504,-9.0008,-49.43285,-5.96322,1.54181,9.2228,47.73185
V32C8,0,32,8,32,1.38428,0.54936,1.53225,7.75037,12.36921,16.99011,28.80676
V32C8,0,32,8,128,1.46493,3.79232,-1.66819,5.23948,7.02395,8.71188,18.02586
V32C8,0,32,8,512,2.61522,-13.37359,-46.02717,-4.18151,2.52806,9.63891,41.00174
V32C8,1,32,8,32,1.75565,0.51295,1.71999,9.01676,12.78377,16.51126,29.1107
V32C8,1,32,8,128,2.11875,-0.3769,-4.153,3.99719,5.50524,7.02257,14.32643
V32C8,1,32,8,512,2.49525,19.05972,-25.10015,9.37787,17.77985,25.45271,79.92595
V32C8,2,32,8,32,2.49693,0.56117,1.69231,8.15749,11.71559,15.25574,27.61362
V32C8,2,32,8,128,1.41295,2.11708,-3.37802,3.54212,6.19778,8.56919,19.5592
V32C8,2,32,8,512,2.47272,-11.77194,-36.60483,-2.19638,3.3392,9.35465,36.97084
V32C8,3,32,8,32,1.83099,0.59064,2.2489,8.24542,12.632,17.00835,29.72196
V32C8,3,32,8,128,1.51325,-0.49373,-6.60105,2.0851,4.14408,6.26487,14.88365
V32C8,3,32,8,512,2.37059,-12.13709,-42.41163,-1.40726,6.53952,14.45635,56.06066
V32C8,4,32,8,32,1.22432,0.39618,1.27574,8.07445,12.41595,16.76873,29.64643
V32C8,4,32,8,128,1.53021,1.25969,-1.40844,5.27411,7.13475,8.89133,17.13313
V32C8,4,32,8,512,2.34677,10.0658,-14.7096,9.1845,15.47708,21.17769,55.41411
V32C16,0,32,16,32,1.19087,-0.4712,1.37155,8.30012,12.27599,16.23674,28.07846
V32C16,0,32,16,128,1.57156,-3.95475,-7.20845,1.92748,4.03665,6.1086,15.56015
V32C16,0,32,16,512,3.37939,-13.25257,-27.46669,2.68794,9.0023,14.97463,52.98136
V32C16,1,32,16,32,1.00404,1.65352,1.57253,7.26795,11.5865,15.87632,27.21615
V32C16,1,32,16,128,1.43648,-0.16835,-1.24361,5.66514,7.7356,9.58159,20.34207
V32C16,1,32,16,512,3.45925,-16.40777,-50.81013,-6.62797,1.27844,9.45477,53.43012
V32C16,2,32,16,32,0.83619,0.65208,1.39152,9.08828,13.78855,18.45631,32.71437
V32C16,2,32,16,128,1.50141,4.35468,-3.3609,4.3012,7.17455,9.76158,22.96797
V32C16,2,32,16,512,3.80751,-18.58442,-21.13184,6.24715,12.96872,19.36127,54.23849
V32C16,3,32,16,32,0.7379,1.14633,1.90032,8.24058,13.04422,17.84963,30.97331
V32C16,3,32,16,128,1.89854,0.93466,-2.5645,4.67599,6.45756,8.06472,17.75128
V32C16,3,32,16,512,3.45859,-28.84129,-35.67897,5.21454,12.44188,19.47962,61.6577
V32C16,4,32,16,32,0.78687,1.41693,0.6504,6.45755,10.54641,14.62406,26.15455
V32C16,4,32,16,128,1.52687,-0.30925,-1.56783,5.16354,7.48091,9.59959,21.70572
V32C16,4,32,16,512,3.37705,-1.51996,-8.90735,16.03008,23.34335,29.85523,75.64055
V32C32,0,32,32,32,0.47785,0.0,1.28194,7.59624,11.84748,16.08235,28.206
V32C32,0,32,32,128,0.9787,-4.19361,-2.28953,5.89457,8.31969,10.47629,23.6566
V32C32,0,32,32,512,3.55427,-51.5159,-44.74238,-2.70016,4.56326,11.68873,54.05287
V32C32,1,32,32,32,0.47888,-0.66091,1.06127,7.08064,10.44311,13.77369,24.10644
V32C32,1,32,32,128,0.80235,-4.36819,-3.14722,3.97629,6.57972,9.01548,19.95047
V32C32,1,32,32,512,3.49238,-83.5242,-63.89112,-13.44958,-5.86179,2.49616,34.85768
V32C32,2,32,32,32,0.46651,0.0,1.30977,7.95753,12.16543,16.37265,27.98691
V32C32,2,32,32,128,0.89284,-4.95163,-3.14071,3.43798,5.44738,7.30433,16.93096
V32C32,2,32,32,512,3.15003,-46.36165,-33.07164,-3.99557,1.59348,7.43816,33.14135
V32C32,3,32,32,32,0.47601,-0.0495,1.54919,7.98247,12.59593,17.20934,29.72344
V32C32,3,32,32,128,1.0826,-3.29594,-1.93231,4.22297,6.30846,8.29647,17.92449
V32C32,3,32,32,512,2.98321,-23.22384,-19.1902,6.87742,13.27907,19.1969,61.42287
V32C32,4,32,32,32,0.47523,-0.0523,1.34684,8.01865,12.26663,16.50028,28.82975
V32C32,4,32,32,128,1.1404,-8.84901,-7.98826,1.14166,3.17386,5.07458,14.89235
V32C32,4,32,32,512,3.40953,-20.41114,-15.05355,11.40753,18.79767,25.5044,68.4502
V64C2,0,64,2,64,24.81392,5.68215,5.97768,14.15697,21.00621,27.87285,43.99313
V64C2,0,64,2,256,20.94839,3.56714,-3.57454,5.37132,7.76384,9.96632,22.71267
V64C2,0,64,2,1024,18.17682,-1.03702,-7.69091,11.16151,16.9817,22.21417,51.71593
V64C2,0,64,2,4096,19.63396,17.60384,-60.43049,19.30615,34.88957,49.57876,143.45049
V64C2,1,64,2,64,24.33033,18.0522,7.76325,16.91066,24.81939,32.74683,50.89664
V64C2,1,64,2,256,25.56399,0.19571,-4.94477,6.45957,9.58925,12.56233,28.11166
V64C2,1,64,2,1024,18.30111,-4.68572,-16.20136,8.39547,14.58143,20.21717,56.50328
V64C2,1,64,2,4096,17.7955,34.54014,-156.1684,-18.76863,5.14284,29.13789,171.98756
V64C2,2,64,2,64,24.24191,8.63044,5.75106,15.16817,23.0511,30.92559,49.5323
V64C2,2,64,2,256,19.23897,8.20201,-3.22469,6.70611,10.38154,13.73745,29.05077
V64C2,2,64,2,1024,17.01715,4.21943,-32.60568,0.11524,5.35973,10.9173,35.246
V64C2,2,64,2,4096,19.93401,-9.84461,-129.77734,-16.81138,2.68706,22.8704,129.75308
V64C2,3,64,2,64,23.17152,8.57347,5.23529,14.96934,22.77298,30.60487,46.2628
V64C2,3,64,2,256,24.24293,0.7574,-13.48066,2.60438,6.69344,10.59004,30.40008
V64C2,3,64,2,1024,18.33122,4.71535,-16.998,9.93101,15.61249,21.01578,55.01104
V64C2,3,64,2,4096,20.03454,28.17705,-110.11999,-3.38434,16.39005,35.86041,179.19213
V64C2,4,64,2,64,24.9101,6.90007,6.07394,16.04188,24.40766,32.74207,49.89346
V64C2,4,64,2,256,23.34418,4.51599,0.44537,9.83244,12.14674,14.29491,27.19274
V64C2,4,64,2,1024,23.62417,-0.612,-12.75582,10.54405,16.95384,22.91577,56.15586
V64C2,4,64,2,4096,20.3506,-20.33208,-109.5751,-13.05412,1.74947,16.98047,99.93625
V64C4,0,64,4,64,18.82406,7.11071,8.63677,17.57271,26.29441,34.99651,55.2448
V64C4,0,64,4,256,30.43828,-0.00622,-4.87511,5.27319,7.16013,9.03732,18.8906
V64C4,0,64,4,1024,13.9769,-23.49078,-67.81251,-16.93107,-10.59128,-3.0098,20.82752
V64C4,0,64,4,4096,14.53595,-89.20508,-229.09013,-55.44696,-32.70787,-8.23302,92.20584
V64C4,1,64,4,64,21.66858,9.05482,7.05818,16.20836,24.10621,32.00196,51.68892
V64C4,1,64,4,256,14.50767,5.18664,-9.44364,2.97814,5.64411,8.40259,19.85403
V64C4,1,64,4,1024,16.62889,-0.23961,-11.19657,9.61669,15.19921,20.39391,51.9947
V64C4,1,64,4,4096,19.14704,-18.60595,-103.05706,1.67201,20.0756,38.64045,145.90923
V64C4,2,64,4,64,31.84106,10.1004,6.72694,15.47902,24.29512,33.10388,51.21894
V64C4,2,64,4,256,22.88833,3.01559,-9.88463,4.45309,7.9877,11.51664,26.52421
V64C4,2,64,4,1024,15.40947,5.13577,-11.16882,8.84048,13.48079,17.84399,42.43625
V64C4,2,64,4,4096,17.47295,-2.43113,-91.35792,8.15044,26.41238,43.88963,152.80066
V64C4,3,64,4,64,19.64078,8.99947,5.24913,14.89254,22.94746,31.06156,50.44392
V64C4,3,64,4,256,15.13391,-8.73906,-15.89892,-0.04996,3.55531,7.30016,20.16992
V64C4,3,64,4,1024,14.94881,-4.13319,-21.99396,5.17359,10.50442,15.68257,44.97974
V64C4,3,64,4,4096,16.74591,-54.22594,-167.61404,-27.70784,-6.3607,15.62815,139.03216
V64C4,4,64,4,64,18.1673,5.07052,5.57433,14.38417,21.76227,29.10891,44.78232
V64C4,4,64,4,256,15.67214,-2.10562,-16.19261,0.35774,3.80929,7.46115,21.52675
V64C4,4,64,4,1024,14.79435,12.39051,-23.85686,5.43588,10.66351,15.95023,47.15797
V64C4,4,64,4,4096,13.2196,-3.17317,-82.94362,0.62192,18.14792,35.05574,132.34045
V64C8,0,64,8,64,13.1105,6.50659,6.5667,14.90848,23.25876,31.603,47.73092
V64C8,0,64,8,256,9.92097,6.33691,-0.60167,9.95695,13.34294,16.42512,32.22945
V64C8,0,64,8,1024,9.63935,8.06079,-31.79846,1.08283,8.32572,15.40319,52.11613
V64C8,0,64,8,4096,9.86949,43.45139,-38.2129,64.79415,90.38684,113.59092,272.6271
V64C8,1,64,8,64,26.91028,5.00984,6.83829,15.9812,23.38951,30.81551,46.56696
V64C8,1,64,8,256,11.35452,3.12897,-9.57191,5.33564,7.79837,10.3616,23.77661
V64C8,1,64,8,1024,10.7614,4.46128,-18.14801,6.39615,11.19689,15.92389,41.02852
V64C8,1,64,8,4096,11.31646,-74.48338,-158.34228,-36.56885,-16.60621,4.67309,97.45592
V64C8,2,64,8,64,9.79545,6.59753,7.68251,16.97218,24.47606,32.00101,48.51534
V64C8,2,64,8,256,9.39145,5.53864,0.6007,11.04442,14.16161,17.00118,31.37384
V64C8,2,64,8,1024,12.73565,6.33133,-13.49467,9.27797,14.21522,18.84936,47.68725
V64C8,2,64,8,4096,10.75116,-96.0675,-181.5924,-36.23651,-13.3719,10.15846,136.38459
V64C8,3,64,8,64,9.99973,11.56778,7.02603,17.1944,25.92074,34.67176,56.24145
V64C8,3,64,8,256,9.61019,2.51799,-8.17487,5.43075,8.14851,11.01397,23.64798
V64C8,3,64,8,1024,12.36895,-8.18839,-7.77235,11.69772,17.30102,22.34302,54.8542
V64C8,3,64,8,4096,10.3785,15.25577,-62.51417,39.97164,62.31998,83.20982,213.97486
V64C8,4,64,8,64,13.24124,10.71515,4.45279,13.52961,21.94574,30.3543,47.13511
V64C8,4,64,8,256,9.57767,4.98877,-2.42018,9.51978,13.30348,16.83682,34.6761
V64C8,4,64,8,1024,11.08048,-0.57993,-12.39344,11.0916,17.52413,23.33102,61.84388
V64C8,4,64,8,4096,10.6154,16.44973,-96.16629,-2.40571,16.02838,34.11224,138.82943
V64C16,0,64,16,64,4.11461,4.60999,6.24627,14.43926,22.78808,31.11755,47.10698
V64C16,0,64,16,256,4.05148,-1.21131,-5.08084,6.4214,9.49256,12.36849,27.28592
V64C16,0,64,16,1024,5.84565,-11.12526,-31.34066,-3.31244,1.3745,6.32608,27.53999
V64C16,0,64,16,4096,9.18036,-68.68212,-103.32438,-6.0108,10.35731,26.66876,119.57474
V64C16,1,64,16,64,4.15385,5.7282,6.9647,15.34669,23.36972,31.39687,48.21724
V64C16,1,64,16,256,4.50241,-1.04414,-9.48008,4.16391,6.93817,9.62289,23.74161
V64C16,1,64,16,1024,7.09001,-9.0866,-13.76963,5.71488,10.45243,14.95643,40.60467
V64C16,1,64,16,4096,8.348,-87.2668,-195.40278,-53.01364,-28.94532,-3.60276,118.65347
V64C16,2,64,16,64,5.97533,10.81698,7.11258,15.99241,24.33393,32.71186,52.97383
V64C16,2,64,16,256,4.06647,3.57433,-7.01979,7.29549,9.65017,12.18302,24.60235
V64C16,2,64,16,1024,6.21858,5.59159,-13.36815,9.46276,15.47119,20.97796,53.24207
V64C16,2,64,16,4096,8.32894,-45.06764,-104.21253,-12.32614,2.50098,17.68744,97.11731
V64C16,3,64,16,64,4.85098,4.25152,5.72589,14.4532,22.97581,31.41559,48.31698
V64C16,3,64,16,256,4.39881,2.3126,-1.15483,10.14344,14.29209,18.10811,35.64927
V64C16,3,64,16,1024,6.56269,-19.99729,-42.36228,-5.29608,0.26432,6.48269,31.18249
V64C16,3,64,16,4096,8.18496,-147.49572,-134.20181,-19.9645,0.45971,21.0677,162.24173
V64C16,4,64,16,64,4.05316,18.94321,6.88385,15.18292,23.78106,32.37506,49.41148
V64C16,4,64,16,256,4.95994,1.22474,-3.5743,7.72129,11.19513,14.4505,32.20655
V64C16,4,64,16,1024,5.23515,-18.40356,-26.38401,2.75504,8.15363,13.4443,43.49026
V64C16,4,64,16,4096,8.73963,-44.11011,-102.97009,-1.7773,17.41082,36.38295,136.12383
V64C32,0,64,32,64,2.08378,3.01604,6.2831,16.34384,24.68034,33.03437,50.44595
V64C32,0,64,32,256,3.78055,-1.10131,-11.97094,1.79693,5.2078,8.59633,21.08938
V64C32,0,64,32,1024,7.29665,-3.95759,-8.35308,9.82467,14.75957,19.3302,44.32027
V64C32,0,64,32,4096,16.29881,-106.92432,-95.41481,4.00866,21.27432,38.33695,135.14717
V64C32,1,64,32,64,1.8059,3.12436,6.1734,15.41401,23.24457,31.05269,48.22094
V64C32,1,64,32,256,3.57624,-5.66316,-16.82331,1.0581,4.14979,7.46747,24.58325
V64C32,1,64,32,1024,6.84342,1.8012,-17.68778,9.20204,14.97741,20.372,55.11195
V64C32,1,64,32,4096,13.82931,-140.46648,-109.04672,7.63043,29.01431,50.20834,165.51505
V64C32,2,64,32,64,1.89754,2.66735,6.22207,16.66051,24.5723,32.50311,48.67568
V64C32,2,64,32,256,4.70202,-0.13499,-10.58814,2.05716,5.60558,8.98539,23.55204
V64C32,2,64,32,1024,7.40556,-10.20037,-17.32743,4.74362,9.69895,14.51688,40.1206
V64C32,2,64,32,4096,13.30457,28.66539,-28.93552,51.45608,74.96611,96.1669,244.67389
V64C32,3,64,32,64,2.70209,1.22806,6.41399,15.70682,24.52701,33.34902,50.99282
V64C32,3,64,32,256,4.61367,-1.37423,1.38576,11.28398,14.61982,17.71314,33.02074
V64C32,3,64,32,1024,5.86839,-19.13149,-36.72822,-0.73767,5.3803,11.56894,42.46257
V64C32,3,64,32,4096,12.65302,-30.56784,-73.20619,8.00933,23.90914,39.35537,131.4466
V64C32,4,64,32,64,1.69559,2.7614,6.01017,14.8022,23.11276,31.43995,49.40388
V64C32,4,64,32,256,3.49305,4.78395,-13.54936,1.8489,5.57851,9.1451,28.32499
V64C32,4,64,32,1024,7.06502,-21.87407,-32.6175,-0.52098,4.96789,10.69928,36.36732
V64C32,4,64,32,4096,13.21679,-88.22784,-117.31065,-15.05704,2.3322,20.09754,107.5756
V64C64,0,64,64,64,0.92361,0.0,7.37466,16.94203,25.41542,33.88359,51.26805
V64C64,0,64,64,256,2.14708,-11.0197,-4.50214,7.40344,9.56445,11.72565,23.80047
V64C64,0,64,64,1024,6.21193,-54.7267,-35.00121,-3.14374,1.69454,6.85213,29.87523
V64C64,0,64,64,4096,11.8001,-191.34463,-107.52707,7.92939,29.31577,50.22701,183.46044
V64C64,1,64,64,64,0.92156,0.0,5.38723,15.23124,23.01603,30.80425,47.11289
V64C64,1,64,64,256,2.0446,-11.06812,-3.90014,7.54647,10.55448,13.31154,29.0447
V64C64,1,64,64,1024,6.41093,-35.21645,-20.10203,1.44456,6.29434,10.97849,37.81847
V64C64,1,64,64,4096,12.6296,-354.25219,-211.60397,-64.85763,-39.79903,-13.58462,139.49176
V64C64,2,64,64,64,0.91973,0.0,7.23502,16.0773,24.64978,33.27453,52.2562
V64C64,2,64,64,256,2.19653,-6.94947,-0.77996,9.41394,13.37355,17.15766,31.8117
V64C64,2,64,64,1024,6.94051,-35.99695,-18.97932,3.37715,8.66638,13.57613,45.17346
V64C64,2,64,64,4096,12.90109,-222.5687,-143.89867,-14.84454,5.5556,26.06069,140.2922
V64C64,3,64,64,64,0.92328,0.0,6.16751,15.56179,24.70338,33.87438,53.61232
V64C64,3,64,64,256,1.87422,-11.31271,-3.46229,6.47637,9.27863,11.938,26.29847
V64C64,3,64,64,1024,6.46724,-51.85429,-26.05904,0.51163,6.09245,11.72998,40.28692
V64C64,3,64,64,4096,13.37755,-231.14967,-140.69757,-16.86343,3.16777,23.20696,142.43755
V64C64,4,64,64,64,0.91795,0.00736,7.523,16.39141,24.45613,32.45251,52.01255
V64C64,4,64,64,256,2.02091,-14.0278,-4.51061,7.04315,9.72932,12.28443,26.05553
V64C64,4,64,64,1024,6.01582,-40.93617,-19.93142,7.46163,13.50959,19.16212,53.02547
V64C64,4,64,64,4096,12.14411,-339.12554,-207.07407,-49.70456,-28.51845,-5.03767,88.02778
